Departamento;Municipio;latitud;longitud;
ANTIOQUIA;MEDELLÍN;6,257590259;-75,61103107;
ANTIOQUIA;ABEJORRAL;5,803728154;-75,43847353;
ANTIOQUIA;ABRIAQUÍ;6,627569378;-76,08597756;
ANTIOQUIA;ALEJANDRÍA;6,365534125;-75,09059702;
ANTIOQUIA;AMAGÁ;6,032921994;-75,7080031;
ANTIOQUIA;AMALFI;6,977788843;-74,9812393;
ANTIOQUIA;ANDES;5,604993248;-75,94128391;
ANTIOQUIA;ANGELÓPOLIS;6,121430303;-75,71594966;
ANTIOQUIA;ANGOSTURA;6,861498764;-75,358316;
ANTIOQUIA;ANORÍ;7,193110778;-75,10848954;
ANTIOQUIA;SANTA FÉ DE ANTIOQUIA;6,535711576;-75,90426658;
ANTIOQUIA;ANZÁ;6,293546613;-75,91736927;
ANTIOQUIA;APARTADÓ;7,86047815;-76,58236264;
ANTIOQUIA;ARBOLETES;8,611395262;-76,41478317;
ANTIOQUIA;ARGELIA;5,708114524;-75,09469795;
ANTIOQUIA;ARMENIA;6,163683758;-75,80995528;
ANTIOQUIA;BARBOSA;6,443417935;-75,32924085;
ANTIOQUIA;BELMIRA;6,665853953;-75,68621659;
ANTIOQUIA;BELLO;6,358841086;-75,58973588;
ANTIOQUIA;BETANIA;5,727081285;-75,98689107;
ANTIOQUIA;BETULIA;6,185783612;-75,95649246;
ANTIOQUIA;CIUDAD BOLÍVAR;5,840995666;-76,01065253;
ANTIOQUIA;BRICEÑO;7,111788462;-75,56223474;
ANTIOQUIA;BURITICÁ;6,80906489;-75,91206595;
ANTIOQUIA;CÁCERES;7,665155105;-75,22369744;
ANTIOQUIA;CAICEDO;6,423463639;-75,99351498;
ANTIOQUIA;CALDAS;6,054446841;-75,62642674;
ANTIOQUIA;CAMPAMENTO;7,036017478;-75,28766178;
ANTIOQUIA;CAÑASGORDAS;6,814950023;-76,02689632;
ANTIOQUIA;CARACOLÍ;6,33797388;-74,73354817;
ANTIOQUIA;CARAMANTA;5,555275296;-75,63082096;
ANTIOQUIA;CAREPA;7,757967437;-76,64374657;
ANTIOQUIA;EL CARMEN DE VIBORAL;5,978078841;-75,2635361;
ANTIOQUIA;CAROLINA;6,754821442;-75,30590654;
ANTIOQUIA;CAUCASIA;7,867941792;-75,03501824;
ANTIOQUIA;CHIGORODÓ;7,631665644;-76,63964213;
ANTIOQUIA;CISNEROS;6,550065431;-75,08254116;
ANTIOQUIA;COCORNÁ;6,005593074;-75,16015403;
ANTIOQUIA;CONCEPCIÓN;6,376106187;-75,21785901;
ANTIOQUIA;CONCORDIA;6,057468678;-75,90014678;
ANTIOQUIA;COPACABANA;6,351882893;-75,50075633;
ANTIOQUIA;DABEIBA;6,992243782;-76,31426328;
ANTIOQUIA;DONMATÍAS;6,492403905;-75,42227687;
ANTIOQUIA;EBÉJICO;6,326444922;-75,78331175;
ANTIOQUIA;EL BAGRE;7,704633351;-74,66427726;
ANTIOQUIA;ENTRERRÍOS;6,594656004;-75,55913083;
ANTIOQUIA;ENVIGADO;6,154394922;-75,54686779;
ANTIOQUIA;FREDONIA;5,887702934;-75,67926242;
ANTIOQUIA;FRONTINO;6,691364773;-76,33199656;
ANTIOQUIA;GIRALDO;6,663095863;-75,94804663;
ANTIOQUIA;GIRARDOTA;6,379745895;-75,44795744;
ANTIOQUIA;GÓMEZ PLATA;6,709562839;-75,19270291;
ANTIOQUIA;GRANADA;6,123380721;-75,12763646;
ANTIOQUIA;GUADALUPE;6,861576325;-75,22591303;
ANTIOQUIA;GUARNE;6,266625703;-75,43730801;
ANTIOQUIA;GUATAPÉ;6,236329826;-75,15651272;
ANTIOQUIA;HELICONIA;6,214511788;-75,74971002;
ANTIOQUIA;HISPANIA;5,797039002;-75,90669203;
ANTIOQUIA;ITAGÜÍ;6,179279438;-75,6142037;
ANTIOQUIA;ITUANGO;7,341549718;-75,67842277;
ANTIOQUIA;JARDÍN;5,574444339;-75,81842575;
ANTIOQUIA;JERICÓ;5,769820536;-75,76488256;
ANTIOQUIA;LA CEJA;5,992524843;-75,43086935;
ANTIOQUIA;LA ESTRELLA;6,137595883;-75,64895499;
ANTIOQUIA;LA PINTADA;5,746583958;-75,60220206;
ANTIOQUIA;LA UNIÓN;5,940434685;-75,35429023;
ANTIOQUIA;LIBORINA;6,723990935;-75,78300046;
ANTIOQUIA;MACEO;6,534573585;-74,71410854;
ANTIOQUIA;MARINILLA;6,18520515;-75,30487933;
ANTIOQUIA;MONTEBELLO;5,916853903;-75,51972693;
ANTIOQUIA;MURINDÓ;6,828773855;-76,70861349;
ANTIOQUIA;MUTATÁ;7,329557848;-76,4630657;
ANTIOQUIA;NARIÑO;5,581275312;-75,19457019;
ANTIOQUIA;NECOCLÍ;8,493728551;-76,67699588;
ANTIOQUIA;NECHÍ;7,983477394;-74,65844186;
ANTIOQUIA;OLAYA;6,611418083;-75,77567097;
ANTIOQUIA;PEÑOL;6,232396368;-75,22350906;
ANTIOQUIA;PEQUE;7,044180058;-75,88968843;
ANTIOQUIA;PUEBLORRICO;5,80970186;-75,86076667;
ANTIOQUIA;PUERTO BERRÍO;6,481922267;-74,5287421;
ANTIOQUIA;PUERTO NARE;6,126539139;-74,70317722;
ANTIOQUIA;PUERTO TRIUNFO;5,954830151;-74,6861918;
ANTIOQUIA;REMEDIOS;6,997267375;-74,55865652;
ANTIOQUIA;RETIRO;6,053444254;-75,51573805;
ANTIOQUIA;RIONEGRO;6,150785807;-75,41076052;
ANTIOQUIA;SABANALARGA;6,901000506;-75,79222754;
ANTIOQUIA;SABANETA;6,138305183;-75,60880599;
ANTIOQUIA;SALGAR;5,970502334;-75,98137251;
ANTIOQUIA;SAN ANDRÉS DE CUERQUÍA;6,918427233;-75,6657758;
ANTIOQUIA;SAN CARLOS;6,193789659;-74,90732769;
ANTIOQUIA;SAN FRANCISCO;5,840093731;-74,98176334;
ANTIOQUIA;SAN JERÓNIMO;6,438300409;-75,70310727;
ANTIOQUIA;SAN JOSÉ DE LA MONTAÑA;6,823258913;-75,67770826;
ANTIOQUIA;SAN JUAN DE URABÁ;8,707141583;-76,53248234;
ANTIOQUIA;SAN LUIS;6,024205956;-75,0076674;
ANTIOQUIA;SAN PEDRO DE LOS MILAGROS;6,458666308;-75,5624839;
ANTIOQUIA;SAN PEDRO DE URABÁ;8,37915695;-76,31664233;
ANTIOQUIA;SAN RAFAEL;6,31074453;-74,99858652;
ANTIOQUIA;SAN ROQUE;6,466165211;-74,9450732;
ANTIOQUIA;SAN VICENTE FERRER;6,310387522;-75,32740163;
ANTIOQUIA;SANTA BÁRBARA;5,878984956;-75,58330371;
ANTIOQUIA;SANTA ROSA DE OSOS;6,675827825;-75,43814333;
ANTIOQUIA;SANTO DOMINGO;6,481044132;-75,14260097;
ANTIOQUIA;EL SANTUARIO;6,124209495;-75,25212278;
ANTIOQUIA;SEGOVIA;7,26692339;-74,62163926;
ANTIOQUIA;SONSÓN;5,826388779;-74,83637623;
ANTIOQUIA;SOPETRÁN;6,520164552;-75,74580903;
ANTIOQUIA;TÁMESIS;5,673758571;-75,70979974;
ANTIOQUIA;TARAZÁ;7,488875998;-75,40189438;
ANTIOQUIA;TARSO;5,871064557;-75,82871144;
ANTIOQUIA;TITIRIBÍ;6,058349971;-75,79966005;
ANTIOQUIA;TOLEDO;7,016397069;-75,71363382;
ANTIOQUIA;TURBO;8,173851745;-76,5740377;
ANTIOQUIA;URAMITA;6,913916924;-76,13318514;
ANTIOQUIA;URRAO;6,33534134;-76,25906482;
ANTIOQUIA;VALDIVIA;7,265404213;-75,40094502;
ANTIOQUIA;VALPARAÍSO;5,651937802;-75,63083412;
ANTIOQUIA;VEGACHÍ;6,836535122;-74,7540302;
ANTIOQUIA;VENECIA;5,956576355;-75,77722423;
ANTIOQUIA;VIGÍA DEL FUERTE;6,453351334;-76,69504802;
ANTIOQUIA;YALÍ;6,716870679;-74,75565002;
ANTIOQUIA;YARUMAL;6,9881309;-75,45439957;
ANTIOQUIA;YOLOMBÓ;6,64442786;-75,02990266;
ANTIOQUIA;YONDÓ;6,925159318;-74,15824041;
ANTIOQUIA;ZARAGOZA;7,474004006;-74,85848326;
ATLÁNTICO;BARRANQUILLA;10,98152051;-74,82771544;
ATLÁNTICO;BARANOA;10,79329302;-74,92219491;
ATLÁNTICO;CAMPO DE LA CRUZ;10,38405079;-74,88466039;
ATLÁNTICO;CANDELARIA;10,48902047;-74,87756627;
ATLÁNTICO;GALAPA;10,89771991;-74,88708788;
ATLÁNTICO;JUAN DE ACOSTA;10,82306503;-75,07841904;
ATLÁNTICO;LURUACO;10,63503116;-75,15402741;
ATLÁNTICO;MALAMBO;10,84828864;-74,80617555;
ATLÁNTICO;MANATÍ;10,45414555;-74,98477367;
ATLÁNTICO;PALMAR DE VARELA;10,69481208;-74,7701509;
ATLÁNTICO;PIOJÓ;10,74078959;-75,14366034;
ATLÁNTICO;POLONUEVO;10,76740141;-74,85414844;
ATLÁNTICO;PONEDERA;10,59465102;-74,79847316;
ATLÁNTICO;PUERTO COLOMBIA;11,0044226;-74,9074058;
ATLÁNTICO;REPELÓN;10,50757051;-75,12188053;
ATLÁNTICO;SABANAGRANDE;10,79894015;-74,7687966;
ATLÁNTICO;SABANALARGA;10,62250777;-74,95510542;
ATLÁNTICO;SANTA LUCÍA;10,35364192;-74,96541179;
ATLÁNTICO;SANTO TOMÁS;10,75562656;-74,78726468;
ATLÁNTICO;SOLEDAD;10,9069066;-74,7784249;
ATLÁNTICO;SUAN;10,31085035;-74,90713308;
ATLÁNTICO;TUBARÁ;10,90721938;-74,98423293;
ATLÁNTICO;USIACURÍ;10,74052266;-74,98267413;
BOGOTÁ D.C.;BOGOTÁ D.C.;4,316107698;-74,1810727;
BOLÍVAR;CARTAGENA DE INDIAS;10,46343362;-75,45889915;
BOLÍVAR;ACHÍ;8,622943262;-74,47805945;
BOLÍVAR;ALTOS DEL ROSARIO;8,757468863;-74,19515811;
BOLÍVAR;ARENAL;8,362996158;-74,10301905;
BOLÍVAR;ARJONA;10,16422123;-75,37121788;
BOLÍVAR;ARROYOHONDO;10,24171805;-75,02690422;
BOLÍVAR;BARRANCO DE LOBA;8,837077654;-74,27966531;
BOLÍVAR;CALAMAR;10,15517098;-74,99995949;
BOLÍVAR;CANTAGALLO;7,239229146;-74,10014043;
BOLÍVAR;CICUCO;9,235268598;-74,68840962;
BOLÍVAR;CÓRDOBA;9,540047515;-74,89445635;
BOLÍVAR;CLEMENCIA;10,55663696;-75,31446653;
BOLÍVAR;EL CARMEN DE BOLÍVAR;9,699819876;-75,15793573;
BOLÍVAR;EL GUAMO;10,03483672;-74,92811072;
BOLÍVAR;EL PEÑÓN;8,864818786;-73,91230147;
BOLÍVAR;HATILLO DE LOBA;8,981717133;-74,09071902;
BOLÍVAR;MAGANGUÉ;9,053135895;-74,70539318;
BOLÍVAR;MAHATES;10,17821391;-75,17978161;
BOLÍVAR;MARGARITA;9,054601889;-74,22584706;
BOLÍVAR;MARÍA LA BAJA;9,976017168;-75,34380265;
BOLÍVAR;MONTECRISTO;8,01710024;-74,46342911;
BOLÍVAR;SANTA CRUZ DE MOMPOX;9,142512064;-74,54519906;
BOLÍVAR;MORALES;8,253700061;-73,9713459;
BOLÍVAR;NOROSÍ;8,50613476;-74,11588912;
BOLÍVAR;PINILLOS;8,886315511;-74,40888476;
BOLÍVAR;REGIDOR;8,672628558;-73,91450679;
BOLÍVAR;RÍO VIEJO;8,559982465;-73,90298668;
BOLÍVAR;SAN CRISTÓBAL;10,36972087;-75,07333835;
BOLÍVAR;SAN ESTANISLAO;10,36468192;-75,20523487;
BOLÍVAR;SAN FERNANDO;9,081483143;-74,37186647;
BOLÍVAR;SAN JACINTO;9,835362011;-75,10609201;
BOLÍVAR;SAN JACINTO DEL CAUCA;8,212463202;-74,75082;
BOLÍVAR;SAN JUAN NEPOMUCENO;9,967957823;-75,06571959;
BOLÍVAR;SAN MARTÍN DE LOBA;8,816088444;-74,00599967;
BOLÍVAR;SAN PABLO;7,507922612;-74,10356977;
BOLÍVAR;SANTA CATALINA;10,64981278;-75,26548463;
BOLÍVAR;SANTA ROSA;10,46920726;-75,36116053;
BOLÍVAR;SANTA ROSA DEL SUR;7,772519173;-74,26272843;
BOLÍVAR;SIMITÍ;7,851315534;-73,98371609;
BOLÍVAR;SOPLAVIENTO;10,33209031;-75,11699226;
BOLÍVAR;TALAIGUA NUEVO;9,269516705;-74,58695233;
BOLÍVAR;TIQUISIO;8,492345176;-74,29676139;
BOLÍVAR;TURBACO;10,35310756;-75,37971541;
BOLÍVAR;TURBANA;10,25276929;-75,43270299;
BOLÍVAR;VILLANUEVA;10,4449132;-75,26736275;
BOLÍVAR;ZAMBRANO;9,745147021;-74,88067037;
BOYACÁ;TUNJA;5,518472615;-73,37801856;
BOYACÁ;ALMEIDA;4,954825081;-73,38813425;
BOYACÁ;AQUITANIA;5,437416373;-72,87149471;
BOYACÁ;ARCABUCO;5,73526424;-73,42793109;
BOYACÁ;BELÉN;6,005059265;-72,89369887;
BOYACÁ;BERBEO;5,230936356;-73,12731944;
BOYACÁ;BETÉITIVA;5,920858933;-72,84857876;
BOYACÁ;BOAVITA;6,337515626;-72,62021239;
BOYACÁ;BOYACÁ;5,439856216;-73,38136994;
BOYACÁ;BRICEÑO;5,673229265;-73,92660705;
BOYACÁ;BUENAVISTA;5,489399419;-73,95066255;
BOYACÁ;BUSBANZÁ;5,843483731;-72,87574623;
BOYACÁ;CALDAS;5,575990669;-73,88057508;
BOYACÁ;CAMPOHERMOSO;5,006862536;-73,1446703;
BOYACÁ;CERINZA;5,962013698;-72,96447288;
BOYACÁ;CHINAVITA;5,202971639;-73,34048074;
BOYACÁ;CHIQUINQUIRÁ;5,622488024;-73,80424531;
BOYACÁ;CHISCAS;6,68911806;-72,41795675;
BOYACÁ;CHITA;6,091468485;-72,43903174;
BOYACÁ;CHITARAQUE;5,984394625;-73,42582375;
BOYACÁ;CHIVATÁ;5,556830465;-73,26061715;
BOYACÁ;CIÉNEGA;5,393059633;-73,28205772;
BOYACÁ;CÓMBITA;5,667822366;-73,32137049;
BOYACÁ;COPER;5,452461072;-74,05996578;
BOYACÁ;CORRALES;5,82454582;-72,84544845;
BOYACÁ;COVARACHÍA;6,519521476;-72,74020421;
BOYACÁ;CUBARÁ;6,886954878;-72,18156285;
BOYACÁ;CUCAITA;5,527104109;-73,44598646;
BOYACÁ;CUÍTIVA;5,58775449;-72,93953686;
BOYACÁ;CHÍQUIZA;5,643075648;-73,44562391;
BOYACÁ;CHIVOR;4,871181606;-73,36142379;
BOYACÁ;DUITAMA;5,890602515;-73,06709484;
BOYACÁ;EL COCUY;6,353363177;-72,41923752;
BOYACÁ;EL ESPINO;6,508240556;-72,48049625;
BOYACÁ;FIRAVITOBA;5,67367659;-73,01983352;
BOYACÁ;FLORESTA;5,85899211;-72,92499827;
BOYACÁ;GACHANTIVÁ;5,744105975;-73,5426552;
BOYACÁ;GÁMEZA;5,799050256;-72,72964765;
BOYACÁ;GARAGOA;5,089466651;-73,31430272;
BOYACÁ;GUACAMAYAS;6,445438546;-72,51635332;
BOYACÁ;GUATEQUE;5,01450831;-73,48812352;
BOYACÁ;GUAYATÁ;4,931424341;-73,49663372;
BOYACÁ;GÜICÁN DE LA SIERRA;6,566991765;-72,25599334;
BOYACÁ;IZA;5,617366016;-72,96986504;
BOYACÁ;JENESANO;5,38916272;-73,40087021;
BOYACÁ;JERICÓ;6,155633662;-72,58523093;
BOYACÁ;LABRANZAGRANDE;5,541378132;-72,5903846;
BOYACÁ;LA CAPILLA;5,113167102;-73,45923708;
BOYACÁ;LA VICTORIA;5,507008121;-74,24162727;
BOYACÁ;LA UVITA;6,265126191;-72,55551085;
BOYACÁ;VILLA DE LEYVA;5,665762424;-73,514948;
BOYACÁ;MACANAL;4,980176495;-73,29413695;
BOYACÁ;MARIPÍ;5,569810633;-74,02003127;
BOYACÁ;MIRAFLORES;5,150953297;-73,17896722;
BOYACÁ;MONGUA;5,710937981;-72,63402875;
BOYACÁ;MONGUÍ;5,697352228;-72,83298664;
BOYACÁ;MONIQUIRÁ;5,863370485;-73,55852538;
BOYACÁ;MOTAVITA;5,606192449;-73,37734267;
BOYACÁ;MUZO;5,539429272;-74,11177139;
BOYACÁ;NOBSA;5,778759851;-72,93268324;
BOYACÁ;NUEVO COLÓN;5,354701485;-73,44873424;
BOYACÁ;OICATÁ;5,610787844;-73,27991905;
BOYACÁ;OTANCHE;5,753787787;-74,19719423;
BOYACÁ;PACHAVITA;5,148323877;-73,39951219;
BOYACÁ;PÁEZ;5,095211035;-73,00435863;
BOYACÁ;PAIPA;5,762027786;-73,13777442;
BOYACÁ;PAJARITO;5,382328949;-72,69672674;
BOYACÁ;PANQUEBA;6,443299758;-72,46182431;
BOYACÁ;PAUNA;5,688801559;-74,00504122;
BOYACÁ;PAYA;5,621242742;-72,3692906;
BOYACÁ;PAZ DE RÍO;6,030008561;-72,75988018;
BOYACÁ;PESCA;5,498483324;-73,07837993;
BOYACÁ;PISBA;5,768131812;-72,43993232;
BOYACÁ;PUERTO BOYACÁ;5,953466654;-74,4528581;
BOYACÁ;QUÍPAMA;5,595729831;-74,26857067;
BOYACÁ;RAMIRIQUÍ;5,319934092;-73,310779;
BOYACÁ;RÁQUIRA;5,496268621;-73,62894438;
BOYACÁ;RONDÓN;5,379947879;-73,19650995;
BOYACÁ;SABOYÁ;5,699926051;-73,74799466;
BOYACÁ;SÁCHICA;5,573464882;-73,543102;
BOYACÁ;SAMACÁ;5,47053997;-73,5211756;
BOYACÁ;SAN EDUARDO;5,234614686;-73,04914067;
BOYACÁ;SAN JOSÉ DE PARE;5,994154088;-73,54386522;
BOYACÁ;SAN LUIS DE GACENO;4,798203543;-73,13397018;
BOYACÁ;SAN MATEO;6,395388812;-72,55184862;
BOYACÁ;SAN MIGUEL DE SEMA;5,532326922;-73,74715898;
BOYACÁ;SAN PABLO DE BORBUR;5,677345066;-74,11403749;
BOYACÁ;SANTANA;6,057614971;-73,48974828;
BOYACÁ;SANTA MARÍA;4,823002556;-73,25377506;
BOYACÁ;SANTA ROSA DE VITERBO;5,892950301;-72,9917278;
BOYACÁ;SANTA SOFÍA;5,731602716;-73,60366287;
BOYACÁ;SATIVANORTE;6,13211793;-72,73032415;
BOYACÁ;SATIVASUR;6,083405978;-72,72410815;
BOYACÁ;SIACHOQUE;5,498747701;-73,21681778;
BOYACÁ;SOATÁ;6,323088045;-72,69604089;
BOYACÁ;SOCOTÁ;5,906513772;-72,53646361;
BOYACÁ;SOCHA;5,960498836;-72,68239784;
BOYACÁ;SOGAMOSO;5,646672053;-72,8709565;
BOYACÁ;SOMONDOCO;4,970974064;-73,42878785;
BOYACÁ;SORA;5,580573191;-73,44371838;
BOYACÁ;SOTAQUIRÁ;5,763010553;-73,24352232;
BOYACÁ;SORACÁ;5,494890461;-73,31899997;
BOYACÁ;SUSACÓN;6,215200578;-72,71575634;
BOYACÁ;SUTAMARCHÁN;5,640030759;-73,62598773;
BOYACÁ;SUTATENZA;5,030711335;-73,41224401;
BOYACÁ;TASCO;5,882294313;-72,72626817;
BOYACÁ;TENZA;5,071413139;-73,42479699;
BOYACÁ;TIBANÁ;5,301116649;-73,3932521;
BOYACÁ;TIBASOSA;5,747329389;-73,01114724;
BOYACÁ;TINJACÁ;5,577566497;-73,67614572;
BOYACÁ;TIPACOQUE;6,42035349;-72,69463583;
BOYACÁ;TOCA;5,580254287;-73,1606969;
BOYACÁ;TOGÜÍ;5,921830062;-73,48921806;
BOYACÁ;TÓPAGA;5,765350303;-72,83672958;
BOYACÁ;TOTA;5,501297215;-72,99633297;
BOYACÁ;TUNUNGUÁ;5,720301516;-73,94330927;
BOYACÁ;TURMEQUÉ;5,305697418;-73,50908714;
BOYACÁ;TUTA;5,678126998;-73,17343053;
BOYACÁ;TUTAZÁ;6,078051903;-72,85707832;
BOYACÁ;ÚMBITA;5,217241368;-73,46338477;
BOYACÁ;VENTAQUEMADA;5,383385481;-73,52097942;
BOYACÁ;VIRACACHÁ;5,440558216;-73,26627456;
BOYACÁ;ZETAQUIRA;5,285635983;-73,16763091;
CALDAS;MANIZALES;5,08343301;-75,50727881;
CALDAS;AGUADAS;5,616204006;-75,4554471;
CALDAS;ANSERMA;5,20029922;-75,75289078;
CALDAS;ARANZAZU;5,265539969;-75,47392619;
CALDAS;BELALCÁZAR;4,99467728;-75,81225989;
CALDAS;CHINCHINÁ;4,974340569;-75,65954686;
CALDAS;FILADELFIA;5,285743777;-75,58978784;
CALDAS;LA DORADA;5,410515691;-74,72114262;
CALDAS;LA MERCED;5,393185716;-75,55791071;
CALDAS;MANZANARES;5,23295391;-75,15263447;
CALDAS;MARMATO;5,492632029;-75,60209955;
CALDAS;MARQUETALIA;5,309142491;-75,04117892;
CALDAS;MARULANDA;5,235585244;-75,28316648;
CALDAS;NEIRA;5,183358589;-75,50692977;
CALDAS;NORCASIA;5,638062349;-74,85492707;
CALDAS;PÁCORA;5,500035035;-75,48245057;
CALDAS;PALESTINA;5,050342543;-75,66176266;
CALDAS;PENSILVANIA;5,407187836;-75,16683996;
CALDAS;RIOSUCIO;5,442275418;-75,75220499;
CALDAS;RISARALDA;5,097563816;-75,73335166;
CALDAS;SALAMINA;5,370332425;-75,40962177;
CALDAS;SAMANÁ;5,519692873;-74,99718577;
CALDAS;SAN JOSÉ;5,083424513;-75,8101789;
CALDAS;SUPÍA;5,45295802;-75,64035705;
CALDAS;VICTORIA;5,447542859;-74,83622502;
CALDAS;VILLAMARÍA;4,940211591;-75,43544014;
CALDAS;VITERBO;5,047822054;-75,879297;
CAQUETÁ;FLORENCIA;1,749138704;-75,55823906;
CAQUETÁ;ALBANIA;1,22786549;-75,88232651;
CAQUETÁ;BELÉN DE LOS ANDAQUÍES;1,536174657;-75,90947504;
CAQUETÁ;CARTAGENA DEL CHAIRÁ;0,647693081;-74,27235499;
CAQUETÁ;CURILLO;1,115379292;-75,97328452;
CAQUETÁ;EL DONCELLO;1,713734697;-75,26878109;
CAQUETÁ;EL PAUJÍL;1,476630016;-75,20231825;
CAQUETÁ;LA MONTAÑITA;1,302860442;-75,23572732;
CAQUETÁ;MILÁN;1,146692554;-75,38664764;
CAQUETÁ;MORELIA;1,38299611;-75,67381123;
CAQUETÁ;PUERTO RICO;2,018940891;-75,07308627;
CAQUETÁ;SAN JOSÉ DEL FRAGUA;1,304702314;-76,11000594;
CAQUETÁ;SAN VICENTE DEL CAGUÁN;1,308465061;-74,19746971;
CAQUETÁ;SOLANO;0,096131862;-72,32036402;
CAQUETÁ;SOLITA;0,943939454;-75,64668544;
CAQUETÁ;VALPARAÍSO;1,07534915;-75,73779004;
CAUCA;POPAYÁN;2,471704362;-76,59194419;
CAUCA;ALMAGUER;1,912440521;-76,83494519;
CAUCA;ARGELIA;2,329337283;-77,26314906;
CAUCA;BALBOA;2,084732945;-77,2088133;
CAUCA;BOLÍVAR;1,853951938;-76,96337454;
CAUCA;BUENOS AIRES;2,988923885;-76,62158951;
CAUCA;CAJIBÍO;2,643209848;-76,70138914;
CAUCA;CALDONO;2,803845691;-76,42719377;
CAUCA;CALOTO;3,062875557;-76,32127977;
CAUCA;CORINTO;3,136753606;-76,20964569;
CAUCA;EL TAMBO;2,534488312;-77,00511207;
CAUCA;FLORENCIA;1,69453474;-77,08735723;
CAUCA;GUACHENÉ;3,144389993;-76,39234811;
CAUCA;GUAPI;2,41326696;-77,69047531;
CAUCA;INZÁ;2,499058783;-76,13762531;
CAUCA;JAMBALÓ;2,84981013;-76,31124919;
CAUCA;LA SIERRA;2,187473572;-76,78228032;
CAUCA;LA VEGA;2,053933426;-76,7588062;
CAUCA;LÓPEZ DE MICAY;2,95819877;-77,24212158;
CAUCA;MERCADERES;1,793825164;-77,18060381;
CAUCA;MIRANDA;3,228235212;-76,21670827;
CAUCA;MORALES;2,773663981;-76,74605152;
CAUCA;PADILLA;3,194730618;-76,3362418;
CAUCA;PÁEZ;2,733887702;-75,99368264;
CAUCA;PATÍA;2,157983906;-77,0465762;
CAUCA;PIAMONTE;1,054128816;-76,4443271;
CAUCA;PIENDAMÓ - TUNÍA;2,702420026;-76,53770455;
CAUCA;PUERTO TEJADA;3,266724205;-76,41846353;
CAUCA;PURACÉ;2,262153618;-76,44826938;
CAUCA;ROSAS;2,260421954;-76,74582033;
CAUCA;SAN SEBASTIÁN;1,856261815;-76,71652424;
CAUCA;SANTANDER DE QUILICHAO;2,984467338;-76,49873145;
CAUCA;SANTA ROSA;1,52002179;-76,53876281;
CAUCA;SILVIA;2,651291894;-76,35057356;
CAUCA;SOTARÁ PAISPAMBA;2,231820541;-76,61146633;
CAUCA;SUÁREZ;2,936865997;-76,7458243;
CAUCA;SUCRE;2,057735184;-76,90993965;
CAUCA;TIMBÍO;2,369625312;-76,71051932;
CAUCA;TIMBIQUÍ;2,699475127;-77,49131577;
CAUCA;TORIBÍO;2,975771999;-76,20331566;
CAUCA;TOTORÓ;2,475213085;-76,39675937;
CAUCA;VILLA RICA;3,180627317;-76,46445558;
CESAR;VALLEDUPAR;10,21890277;-73,45784764;
CESAR;AGUACHICA;8,248735219;-73,6227405;
CESAR;AGUSTÍN CODAZZI;9,949215908;-73,22358244;
CESAR;ASTREA;9,510727925;-73,94214641;
CESAR;BECERRIL;9,727732939;-73,25250522;
CESAR;BOSCONIA;9,946391309;-73,86628815;
CESAR;CHIMICHAGUA;9,27797765;-73,84697903;
CESAR;CHIRIGUANÁ;9,426648354;-73,54797894;
CESAR;CURUMANÍ;9,238771332;-73,48810861;
CESAR;EL COPEY;10,19995356;-73,91282064;
CESAR;EL PASO;9,683474681;-73,73833778;
CESAR;GAMARRA;8,337726622;-73,70649199;
CESAR;GONZÁLEZ;8,405516522;-73,37537309;
CESAR;LA GLORIA;8,588002247;-73,61602384;
CESAR;LA JAGUA DE IBIRICO;9,52099808;-73,32249338;
CESAR;MANAURE BALCÓN DEL CESAR;10,38027852;-73,00706275;
CESAR;PAILITAS;8,938916143;-73,57247213;
CESAR;PELAYA;8,764116734;-73,63295546;
CESAR;PUEBLO BELLO;10,41736874;-73,61450632;
CESAR;RÍO DE ORO;8,201070245;-73,48750127;
CESAR;LA PAZ;10,24440562;-73,07824569;
CESAR;SAN ALBERTO;7,769815987;-73,47218888;
CESAR;SAN DIEGO;10,16952712;-73,2879827;
CESAR;SAN MARTÍN;7,937788454;-73,54436312;
CESAR;TAMALAMEQUE;8,902075012;-73,7633962;
CÓRDOBA;MONTERÍA;8,584698016;-75,95055079;
CÓRDOBA;AYAPEL;8,265768688;-75,04868436;
CÓRDOBA;BUENAVISTA;8,191397953;-75,43382532;
CÓRDOBA;CANALETE;8,7240958;-76,23779081;
CÓRDOBA;CERETÉ;8,895667051;-75,87842391;
CÓRDOBA;CHIMÁ;9,11024941;-75,65237351;
CÓRDOBA;CHINÚ;9,053287104;-75,37387363;
CÓRDOBA;CIÉNAGA DE ORO;8,841811894;-75,60779829;
CÓRDOBA;COTORRA;9,071460219;-75,75459276;
CÓRDOBA;LA APARTADA;8,052218422;-75,28816022;
CÓRDOBA;LORICA;9,165034998;-75,90978124;
CÓRDOBA;LOS CÓRDOBAS;8,823307063;-76,3430552;
CÓRDOBA;MOMIL;9,265461621;-75,65090876;
CÓRDOBA;MONTELÍBANO;7,866432635;-75,87533926;
CÓRDOBA;MOÑITOS;9,190515343;-76,11931709;
CÓRDOBA;PLANETA RICA;8,181108488;-75,68923803;
CÓRDOBA;PUEBLO NUEVO;8,481339568;-75,40516154;
CÓRDOBA;PUERTO ESCONDIDO;8,988667731;-76,19405912;
CÓRDOBA;PUERTO LIBERTADOR;7,711515736;-75,77123224;
CÓRDOBA;PURÍSIMA DE LA CONCEPCIÓN;9,282386127;-75,72129392;
CÓRDOBA;SAHAGÚN;8,799007016;-75,42925664;
CÓRDOBA;SAN ANDRÉS DE SOTAVENTO;9,121296353;-75,52091711;
CÓRDOBA;SAN ANTERO;9,359667489;-75,78700252;
CÓRDOBA;SAN BERNARDO DEL VIENTO;9,330098329;-75,97623858;
CÓRDOBA;SAN CARLOS;8,706464263;-75,69251825;
CÓRDOBA;SAN JOSÉ DE URÉ;7,753054395;-75,5672474;
CÓRDOBA;SAN PELAYO;8,987777392;-75,90958771;
CÓRDOBA;TIERRAALTA;7,813896829;-76,16846678;
CÓRDOBA;TUCHÍN;9,224630803;-75,54410593;
CÓRDOBA;VALENCIA;8,219904128;-76,2213286;
CUNDINAMARCA;AGUA DE DIOS;4,372744676;-74,67111051;
CUNDINAMARCA;ALBÁN;4,891121638;-74,44278432;
CUNDINAMARCA;ANAPOIMA;4,559962881;-74,5256953;
CUNDINAMARCA;ANOLAIMA;4,789313614;-74,46194256;
CUNDINAMARCA;ARBELÁEZ;4,232786985;-74,39576291;
CUNDINAMARCA;BELTRÁN;4,791721105;-74,71491399;
CUNDINAMARCA;BITUIMA;4,847821091;-74,52862766;
CUNDINAMARCA;BOJACÁ;4,705576252;-74,3354077;
CUNDINAMARCA;CABRERA;3,91861924;-74,44615606;
CUNDINAMARCA;CACHIPAY;4,723063341;-74,45919528;
CUNDINAMARCA;CAJICÁ;4,930402779;-74,02985115;
CUNDINAMARCA;CAPARRAPÍ;5,381501399;-74,52123595;
CUNDINAMARCA;CÁQUEZA;4,402259457;-73,94482435;
CUNDINAMARCA;CARMEN DE CARUPA;5,338856556;-73,92614817;
CUNDINAMARCA;CHAGUANÍ;4,95425175;-74,63090139;
CUNDINAMARCA;CHÍA;4,857823671;-74,03809539;
CUNDINAMARCA;CHIPAQUE;4,463746629;-74,04605246;
CUNDINAMARCA;CHOACHÍ;4,578183896;-73,95290054;
CUNDINAMARCA;CHOCONTÁ;5,118419271;-73,68068583;
CUNDINAMARCA;COGUA;5,103127532;-73,97536559;
CUNDINAMARCA;COTA;4,76754674;-74,1415583;
CUNDINAMARCA;CUCUNUBÁ;5,230308105;-73,78001885;
CUNDINAMARCA;EL COLEGIO;4,556947085;-74,42658478;
CUNDINAMARCA;EL PEÑÓN;5,261728244;-74,30830564;
CUNDINAMARCA;EL ROSAL;4,879723016;-74,23802273;
CUNDINAMARCA;FACATATIVÁ;4,834052334;-74,3380229;
CUNDINAMARCA;FÓMEQUE;4,528568462;-73,79705267;
CUNDINAMARCA;FOSCA;4,316280072;-73,95286784;
CUNDINAMARCA;FUNZA;4,743996711;-74,19865992;
CUNDINAMARCA;FÚQUENE;5,416288902;-73,77059829;
CUNDINAMARCA;FUSAGASUGÁ;4,323534028;-74,38859114;
CUNDINAMARCA;GACHALÁ;4,65495513;-73,51055381;
CUNDINAMARCA;GACHANCIPÁ;5,01001953;-73,87671759;
CUNDINAMARCA;GACHETÁ;4,867551134;-73,61773287;
CUNDINAMARCA;GAMA;4,723573464;-73,60054441;
CUNDINAMARCA;GIRARDOT;4,338154518;-74,81143922;
CUNDINAMARCA;GRANADA;4,523484884;-74,33724619;
CUNDINAMARCA;GUACHETÁ;5,387291542;-73,69328234;
CUNDINAMARCA;GUADUAS;5,173554764;-74,64014651;
CUNDINAMARCA;GUASCA;4,801276832;-73,84643485;
CUNDINAMARCA;GUATAQUÍ;4,516381655;-74,78257788;
CUNDINAMARCA;GUATAVITA;4,91158717;-73,78648564;
CUNDINAMARCA;GUAYABAL DE SÍQUIMA;4,866310254;-74,4767709;
CUNDINAMARCA;GUAYABETAL;4,231875945;-73,83543981;
CUNDINAMARCA;GUTIÉRREZ;4,166089563;-74,0246527;
CUNDINAMARCA;JERUSALÉN;4,571350254;-74,68915854;
CUNDINAMARCA;JUNÍN;4,705170789;-73,69247873;
CUNDINAMARCA;LA CALERA;4,700785443;-73,92939921;
CUNDINAMARCA;LA MESA;4,650773167;-74,47321717;
CUNDINAMARCA;LA PALMA;5,333400646;-74,40807863;
CUNDINAMARCA;LA PEÑA;5,20459882;-74,40786611;
CUNDINAMARCA;LA VEGA;4,978619842;-74,33936061;
CUNDINAMARCA;LENGUAZAQUE;5,303637171;-73,68153228;
CUNDINAMARCA;MACHETÁ;5,040349198;-73,61738241;
CUNDINAMARCA;MADRID;4,75156751;-74,2896305;
CUNDINAMARCA;MANTA;4,976881151;-73,56313741;
CUNDINAMARCA;MEDINA;4,484437919;-73,40598487;
CUNDINAMARCA;MOSQUERA;4,672714223;-74,23573194;
CUNDINAMARCA;NARIÑO;4,407952015;-74,80565317;
CUNDINAMARCA;NEMOCÓN;5,093705358;-73,88380238;
CUNDINAMARCA;NILO;4,294780933;-74,614695;
CUNDINAMARCA;NIMAIMA;5,121445325;-74,39737048;
CUNDINAMARCA;NOCAIMA;5,066110761;-74,38975476;
CUNDINAMARCA;VENECIA;4,063342074;-74,45259796;
CUNDINAMARCA;PACHO;5,168367634;-74,16336544;
CUNDINAMARCA;PAIME;5,387647345;-74,16395696;
CUNDINAMARCA;PANDI;4,180497268;-74,4711213;
CUNDINAMARCA;PARATEBUENO;4,368158959;-73,2416614;
CUNDINAMARCA;PASCA;4,293733611;-74,27396924;
CUNDINAMARCA;PUERTO SALGAR;5,619752748;-74,5801923;
CUNDINAMARCA;PULÍ;4,691336253;-74,68074404;
CUNDINAMARCA;QUEBRADANEGRA;5,09998103;-74,4945107;
CUNDINAMARCA;QUETAME;4,334589044;-73,85264561;
CUNDINAMARCA;QUIPILE;4,726907976;-74,55359926;
CUNDINAMARCA;APULO;4,537711619;-74,59124656;
CUNDINAMARCA;RICAURTE;4,307363489;-74,72943403;
CUNDINAMARCA;SAN ANTONIO DEL TEQUENDAMA;4,599741357;-74,34490342;
CUNDINAMARCA;SAN BERNARDO;4,140958464;-74,35397692;
CUNDINAMARCA;SAN CAYETANO;5,314600423;-74,07232077;
CUNDINAMARCA;SAN FRANCISCO;4,964100703;-74,27217129;
CUNDINAMARCA;SAN JUAN DE RIOSECO;4,814537831;-74,61525985;
CUNDINAMARCA;SASAIMA;4,946805263;-74,41230921;
CUNDINAMARCA;SESQUILÉ;5,000633875;-73,77206544;
CUNDINAMARCA;SIBATÉ;4,465970004;-74,26328963;
CUNDINAMARCA;SILVANIA;4,436967141;-74,37050903;
CUNDINAMARCA;SIMIJACA;5,509773128;-73,84519164;
CUNDINAMARCA;SOACHA;4,581866267;-74,24029696;
CUNDINAMARCA;SOPÓ;4,888060112;-73,96587528;
CUNDINAMARCA;SUBACHOQUE;4,970358034;-74,15689923;
CUNDINAMARCA;SUESCA;5,122728461;-73,82427313;
CUNDINAMARCA;SUPATÁ;5,061692703;-74,23138328;
CUNDINAMARCA;SUSA;5,440092358;-73,82392529;
CUNDINAMARCA;SUTATAUSA;5,242909347;-73,85540343;
CUNDINAMARCA;TABIO;4,951520046;-74,08449648;
CUNDINAMARCA;TAUSA;5,170527212;-73,95819594;
CUNDINAMARCA;TENA;4,666608192;-74,36764956;
CUNDINAMARCA;TENJO;4,838548601;-74,14680287;
CUNDINAMARCA;TIBACUY;4,321357899;-74,48667274;
CUNDINAMARCA;TIBIRITA;5,084102682;-73,51362546;
CUNDINAMARCA;TOCAIMA;4,452072974;-74,64864406;
CUNDINAMARCA;TOCANCIPÁ;4,968852913;-73,92887021;
CUNDINAMARCA;TOPAIPÍ;5,355688386;-74,28963994;
CUNDINAMARCA;UBALÁ;4,803805182;-73,47654604;
CUNDINAMARCA;UBAQUE;4,500754182;-73,97564545;
CUNDINAMARCA;VILLA DE SAN DIEGO DE UBATÉ;5,316080652;-73,82010566;
CUNDINAMARCA;UNE;4,244611163;-74,11187304;
CUNDINAMARCA;ÚTICA;5,192795708;-74,47780003;
CUNDINAMARCA;VERGARA;5,131267542;-74,30979229;
CUNDINAMARCA;VIANÍ;4,914040619;-74,54936655;
CUNDINAMARCA;VILLAGÓMEZ;5,270694636;-74,19074375;
CUNDINAMARCA;VILLAPINZÓN;5,227298709;-73,57725921;
CUNDINAMARCA;VILLETA;5,011670402;-74,48764746;
CUNDINAMARCA;VIOTÁ;4,436054105;-74,48543339;
CUNDINAMARCA;YACOPÍ;5,591910157;-74,36480865;
CUNDINAMARCA;ZIPACÓN;4,75432173;-74,38673444;
CUNDINAMARCA;ZIPAQUIRÁ;5,06631685;-74,04960323;
CHOCÓ;QUIBDÓ;5,7543229;-76,65015147;
CHOCÓ;ACANDÍ;8,383938499;-77,26560256;
CHOCÓ;ALTO BAUDÓ;5,636740989;-77,0842154;
CHOCÓ;ATRATO;5,525825084;-76,65064357;
CHOCÓ;BAGADÓ;5,503119772;-76,19796907;
CHOCÓ;BAHÍA SOLANO;6,162762775;-77,41653534;
CHOCÓ;BAJO BAUDÓ;4,492865435;-77,08271352;
CHOCÓ;BOJAYÁ;6,474666885;-77,09933025;
CHOCÓ;EL CANTÓN DEL SAN PABLO;5,359661967;-76,77255624;
CHOCÓ;CARMEN DEL DARIÉN;7,033646541;-76,97423016;
CHOCÓ;CÉRTEGUI;5,389828229;-76,52264237;
CHOCÓ;CONDOTO;5,070586101;-76,50701751;
CHOCÓ;EL CARMEN DE ATRATO;5,810938364;-76,19189442;
CHOCÓ;EL LITORAL DEL SAN JUAN;4,272940191;-76,98785828;
CHOCÓ;ISTMINA;4,586818665;-77,00090737;
CHOCÓ;JURADÓ;7,103338868;-77,67973662;
CHOCÓ;LLORÓ;5,585101179;-76,38544449;
CHOCÓ;MEDIO ATRATO;6,033880098;-76,6734697;
CHOCÓ;MEDIO BAUDÓ;5,110392243;-76,99593075;
CHOCÓ;MEDIO SAN JUAN;4,621182739;-76,80861843;
CHOCÓ;NÓVITA;4,853386627;-76,61823669;
CHOCÓ;NUEVO BELÉN DE BAJIRÁ *;7,439023;-76,844188;
CHOCÓ;NUQUÍ;5,591359844;-77,33057439;
CHOCÓ;RÍO IRÓ;5,190995015;-76,41996151;
CHOCÓ;RÍO QUITO;5,567533337;-76,81157084;
CHOCÓ;RIOSUCIO;7,375606;-77,35636;
CHOCÓ;SAN JOSÉ DEL PALMAR;4,958741345;-76,28002361;
CHOCÓ;SIPÍ;4,594415157;-76,54194459;
CHOCÓ;TADÓ;5,26610158;-76,33109547;
CHOCÓ;UNGUÍA;8,117281079;-77,10372723;
CHOCÓ;UNIÓN PANAMERICANA;5,281599258;-76,61962746;
HUILA;NEIVA;2,993360046;-75,27236232;
HUILA;ACEVEDO;1,709114446;-75,99664184;
HUILA;AGRADO;2,26975042;-75,71632236;
HUILA;AIPE;3,243441923;-75,27670655;
HUILA;ALGECIRAS;2,49785068;-75,29134946;
HUILA;ALTAMIRA;2,07922808;-75,76858288;
HUILA;BARAYA;3,135423634;-74,95797796;
HUILA;CAMPOALEGRE;2,658666675;-75,32943803;
HUILA;COLOMBIA;3,262763564;-74,78516117;
HUILA;ELÍAS;2,022053305;-75,94430521;
HUILA;GARZÓN;2,172441496;-75,57131243;
HUILA;GIGANTE;2,371781539;-75,51699754;
HUILA;GUADALUPE;1,984394016;-75,69693549;
HUILA;HOBO;2,541654161;-75,44781083;
HUILA;ÍQUIRA;2,691517773;-75,67383141;
HUILA;ISNOS;1,945591321;-76,18204722;
HUILA;LA ARGENTINA;2,156287619;-76,00679451;
HUILA;LA PLATA;2,328076586;-76,00117299;
HUILA;NÁTAGA;2,576066285;-75,78693757;
HUILA;OPORAPA;2,061191362;-76,04110289;
HUILA;PAICOL;2,40689827;-75,72803027;
HUILA;PALERMO;2,914491967;-75,44066118;
HUILA;PALESTINA;1,68458076;-76,1478559;
HUILA;PITAL;2,259601773;-75,8319516;
HUILA;PITALITO;1,848217185;-76,05217643;
HUILA;RIVERA;2,79286115;-75,23536868;
HUILA;SALADOBLANCO;2,100382849;-76,22897871;
HUILA;SAN AGUSTÍN;1,924165493;-76,4165655;
HUILA;SANTA MARÍA;2,926265937;-75,63359786;
HUILA;SUAZA;1,870992095;-75,80798471;
HUILA;TARQUI;2,130280544;-75,87534845;
HUILA;TESALIA;2,526855132;-75,68259642;
HUILA;TELLO;3,030611777;-75,08536553;
HUILA;TERUEL;2,851852692;-75,75988934;
HUILA;TIMANÁ;1,950715226;-75,91757649;
HUILA;VILLAVIEJA;3,287057875;-75,13838292;
HUILA;YAGUARÁ;2,646563339;-75,51592645;
LA GUAJIRA;RIOHACHA;11,24297214;-72,95876315;
LA GUAJIRA;ALBANIA;11,22869049;-72,53209657;
LA GUAJIRA;BARRANCAS;10,94871677;-72,69696879;
LA GUAJIRA;DIBULLA;11,09029715;-73,43568788;
LA GUAJIRA;DISTRACCIÓN;10,92505107;-72,94444027;
LA GUAJIRA;EL MOLINO;10,63669646;-72,8858431;
LA GUAJIRA;FONSECA;10,8283716;-72,8018178;
LA GUAJIRA;HATONUEVO;11,09905582;-72,73842427;
LA GUAJIRA;LA JAGUA DEL PILAR;10,4580941;-73,07209193;
LA GUAJIRA;MAICAO;11,38157764;-72,29500818;
LA GUAJIRA;MANAURE;11,60554263;-72,57160392;
LA GUAJIRA;SAN JUAN DEL CESAR;10,81311496;-73,08659986;
LA GUAJIRA;URIBIA;11,99971986;-71,74882662;
LA GUAJIRA;URUMITA;10,4947021;-72,98623991;
LA GUAJIRA;VILLANUEVA;10,58364755;-72,97520286;
MAGDALENA;SANTA MARTA;11,12189436;-73,88527855;
MAGDALENA;ALGARROBO;10,25356475;-74,10323027;
MAGDALENA;ARACATACA;10,64490877;-73,87972257;
MAGDALENA;ARIGUANÍ;9,834264955;-74,08460085;
MAGDALENA;CERRO DE SAN ANTONIO;10,3132933;-74,80834413;
MAGDALENA;CHIVOLO;10,09951961;-74,52606667;
MAGDALENA;CIÉNAGA;10,85754552;-74,02500493;
MAGDALENA;CONCORDIA;10,23284801;-74,77810175;
MAGDALENA;EL BANCO;9,114930635;-73,98105491;
MAGDALENA;EL PIÑÓN;10,34310988;-74,67817756;
MAGDALENA;EL RETÉN;10,65961696;-74,3251597;
MAGDALENA;FUNDACIÓN;10,45937818;-73,88406518;
MAGDALENA;GUAMAL;9,248004673;-74,13968085;
MAGDALENA;NUEVA GRANADA;9,735998134;-74,32840222;
MAGDALENA;PEDRAZA;10,15429546;-74,83178091;
MAGDALENA;PIJIÑO DEL CARMEN;9,530748654;-74,1447657;
MAGDALENA;PIVIJAY;10,43303399;-74,41251197;
MAGDALENA;PLATO;9,76945611;-74,60181576;
MAGDALENA;PUEBLOVIEJO;10,84758901;-74,36057942;
MAGDALENA;REMOLINO;10,64860351;-74,58106823;
MAGDALENA;SABANAS DE SAN ÁNGEL;10,10533028;-74,2644392;
MAGDALENA;SALAMINA;10,51538178;-74,72296972;
MAGDALENA;SAN SEBASTIÁN DE BUENAVISTA;9,380680272;-74,19797988;
MAGDALENA;SAN ZENÓN;9,306869548;-74,35851644;
MAGDALENA;SANTA ANA;9,503097215;-74,44419381;
MAGDALENA;SANTA BÁRBARA DE PINTO;9,484388135;-74,66521178;
MAGDALENA;SITIONUEVO;10,89027616;-74,62966038;
MAGDALENA;TENERIFE;9,924701267;-74,73263001;
MAGDALENA;ZAPAYÁN;10,11779893;-74,69115456;
MAGDALENA;ZONA BANANERA;10,79634658;-74,17798317;
META;VILLAVICENCIO;4,09166877;-73,49291595;
META;ACACÍAS;3,943383008;-73,57135162;
META;BARRANCA DE UPÍA;4,519076127;-72,99548981;
META;CABUYARO;4,315244759;-72,95268896;
META;CASTILLA LA NUEVA;3,805154089;-73,53886668;
META;CUBARRAL;3,834631516;-74,06232494;
META;CUMARAL;4,232526389;-73,31477539;
META;EL CALVARIO;4,353769888;-73,71441684;
META;EL CASTILLO;3,60282633;-73,89445238;
META;EL DORADO;3,706969785;-73,83161892;
META;FUENTE DE ORO;3,382370124;-73,59625429;
META;GRANADA;3,441051399;-73,7611547;
META;GUAMAL;3,947775585;-73,95983864;
META;MAPIRIPÁN;3,117523361;-71,93805692;
META;MESETAS;3,154771201;-74,12454824;
META;LA MACARENA;2,161863917;-74,09488076;
META;URIBE;3,047726858;-74,43066134;
META;LEJANÍAS;3,614714873;-74,09628467;
META;PUERTO CONCORDIA;2,752260112;-72,7210941;
META;PUERTO GAITÁN;4,005034467;-71,63157429;
META;PUERTO LÓPEZ;4,014298921;-72,64570499;
META;PUERTO LLERAS;3,193092925;-73,23671436;
META;PUERTO RICO;2,758083657;-73,13780171;
META;RESTREPO;4,204310977;-73,50226037;
META;SAN CARLOS DE GUAROA;3,84761678;-73,27583401;
META;SAN JUAN DE ARAMA;3,289851171;-73,81635243;
META;SAN JUANITO;4,471346322;-73,66041355;
META;SAN MARTÍN;3,515860962;-72,65672742;
META;VISTAHERMOSA;2,811616698;-73,66652234;
NARIÑO;PASTO;1,083605497;-77,20610074;
NARIÑO;ALBÁN;1,469854084;-77,06880947;
NARIÑO;ALDANA;0,913431916;-77,69538731;
NARIÑO;ANCUYA;1,245254077;-77,53115777;
NARIÑO;ARBOLEDA;1,480051172;-77,12985001;
NARIÑO;BARBACOAS;1,44563774;-78,15621072;
NARIÑO;BELÉN;1,593645287;-77,01999366;
NARIÑO;BUESACO;1,315215636;-77,1163664;
NARIÑO;COLÓN;1,636334379;-77,0473156;
NARIÑO;CONSACÁ;1,209066732;-77,44063921;
NARIÑO;CONTADERO;0,932667458;-77,52808731;
NARIÑO;CÓRDOBA;0,78274688;-77,36805903;
NARIÑO;CUASPUD CARLOSAMA;0,875426999;-77,73591601;
NARIÑO;CUMBAL;0,944223274;-77,95958446;
NARIÑO;CUMBITARA;1,72559011;-77,59281637;
NARIÑO;CHACHAGÜÍ;1,386497844;-77,26969022;
NARIÑO;EL CHARCO;2,216382295;-77,99533234;
NARIÑO;EL PEÑOL;1,512283967;-77,43050934;
NARIÑO;EL ROSARIO;1,887689437;-77,48319589;
NARIÑO;EL TABLÓN DE GÓMEZ;1,409430207;-76,98526959;
NARIÑO;EL TAMBO;1,43026376;-77,38311597;
NARIÑO;FUNES;0,957786429;-77,39532781;
NARIÑO;GUACHUCAL;0,975037904;-77,73758941;
NARIÑO;GUAITARILLA;1,151366658;-77,53011336;
NARIÑO;GUALMATÁN;0,928642623;-77,58261883;
NARIÑO;ILES;0,980534037;-77,5186573;
NARIÑO;IMUÉS;1,07287697;-77,50150864;
NARIÑO;IPIALES;0,497708465;-77,24047625;
NARIÑO;LA CRUZ;1,584175998;-76,92335262;
NARIÑO;LA FLORIDA;1,338034371;-77,42293041;
NARIÑO;LA LLANADA;1,541847847;-77,61781608;
NARIÑO;LA TOLA;2,56027333;-78,23506694;
NARIÑO;LA UNIÓN;1,619697376;-77,14284622;
NARIÑO;LEIVA;1,900862361;-77,31220073;
NARIÑO;LINARES;1,395173084;-77,52093774;
NARIÑO;LOS ANDES;1,672601269;-77,71054449;
NARIÑO;MAGÜÍ;1,906858429;-78,04473644;
NARIÑO;MALLAMA;1,155947016;-77,84664646;
NARIÑO;MOSQUERA;2,442493698;-78,438827;
NARIÑO;NARIÑO;1,286775273;-77,35220367;
NARIÑO;OLAYA HERRERA;2,287856547;-78,31219024;
NARIÑO;OSPINA;1,029815854;-77,55234944;
NARIÑO;FRANCISCO PIZARRO;2,088531925;-78,59193099;
NARIÑO;POLICARPA;1,735354202;-77,48134359;
NARIÑO;POTOSÍ;0,785841088;-77,52870407;
NARIÑO;PROVIDENCIA;1,232864821;-77,59844212;
NARIÑO;PUERRES;0,854351651;-77,35032523;
NARIÑO;PUPIALES;0,916769831;-77,63336954;
NARIÑO;RICAURTE;1,147671848;-78,05811118;
NARIÑO;ROBERTO PAYÁN;1,897581156;-78,3811163;
NARIÑO;SAMANIEGO;1,430555262;-77,69179559;
NARIÑO;SANDONÁ;1,288105409;-77,45670068;
NARIÑO;SAN BERNARDO;1,529782485;-77,02070663;
NARIÑO;SAN LORENZO;1,542139582;-77,21872693;
NARIÑO;SAN PABLO;1,681576627;-76,97527979;
NARIÑO;SAN PEDRO DE CARTAGO;1,536823494;-77,10140325;
NARIÑO;SANTA BÁRBARA;2,494420411;-77,98256461;
NARIÑO;SANTACRUZ;1,285179376;-77,7445744;
NARIÑO;SAPUYES;1,045287475;-77,71810954;
NARIÑO;TAMINANGO;1,591661392;-77,32525316;
NARIÑO;TANGUA;1,064078111;-77,35063491;
NARIÑO;SAN ANDRÉS DE TUMACO;1,574550638;-78,61540963;
NARIÑO;TÚQUERRES;1,134440523;-77,63073238;
NARIÑO;YACUANQUER;1,125547916;-77,42467569;
NORTE DE SANTANDER;SAN JOSÉ DE CÚCUTA;8,112041811;-72,48862641;
NORTE DE SANTANDER;ÁBREGO;8,019834481;-73,15850485;
NORTE DE SANTANDER;ARBOLEDAS;7,586048164;-72,91705315;
NORTE DE SANTANDER;BOCHALEMA;7,608509339;-72,65951909;
NORTE DE SANTANDER;BUCARASICA;8,079802239;-72,92919926;
NORTE DE SANTANDER;CÁCOTA;7,270560088;-72,65212153;
NORTE DE SANTANDER;CÁCHIRA;7,684188896;-73,12939481;
NORTE DE SANTANDER;CHINÁCOTA;7,583353136;-72,58390978;
NORTE DE SANTANDER;CHITAGÁ;7,05161677;-72,52544746;
NORTE DE SANTANDER;CONVENCIÓN;8,873159895;-73,20007769;
NORTE DE SANTANDER;CUCUTILLA;7,502182366;-72,79703447;
NORTE DE SANTANDER;DURANIA;7,746993206;-72,67208072;
NORTE DE SANTANDER;EL CARMEN;8,867990035;-73,34585922;
NORTE DE SANTANDER;EL TARRA;8,678263671;-73,0317597;
NORTE DE SANTANDER;EL ZULIA;8,081200092;-72,63152118;
NORTE DE SANTANDER;GRAMALOTE;7,906522991;-72,80705582;
NORTE DE SANTANDER;HACARÍ;8,361831987;-73,0782633;
NORTE DE SANTANDER;HERRÁN;7,493955781;-72,49269998;
NORTE DE SANTANDER;LABATECA;7,218372474;-72,48281514;
NORTE DE SANTANDER;LA ESPERANZA;7,695233593;-73,36139672;
NORTE DE SANTANDER;LA PLAYA;8,256757875;-73,18789327;
NORTE DE SANTANDER;LOS PATIOS;7,742291094;-72,52680784;
NORTE DE SANTANDER;LOURDES;7,963712759;-72,8467029;
NORTE DE SANTANDER;MUTISCUA;7,31694997;-72,76834584;
NORTE DE SANTANDER;OCAÑA;8,206637527;-73,33765033;
NORTE DE SANTANDER;PAMPLONA;7,379057623;-72,67590348;
NORTE DE SANTANDER;PAMPLONITA;7,48287886;-72,63515401;
NORTE DE SANTANDER;PUERTO SANTANDER;8,329138642;-72,41119066;
NORTE DE SANTANDER;RAGONVALIA;7,595355974;-72,50756622;
NORTE DE SANTANDER;SALAZAR;7,772747824;-72,86769959;
NORTE DE SANTANDER;SAN CALIXTO;8,414441404;-73,2176038;
NORTE DE SANTANDER;SAN CAYETANO;7,847872195;-72,60971203;
NORTE DE SANTANDER;SANTIAGO;7,889234454;-72,7182541;
NORTE DE SANTANDER;SARDINATA;8,215080767;-72,79580961;
NORTE DE SANTANDER;SILOS;7,180991879;-72,78617884;
NORTE DE SANTANDER;TEORAMA;8,760013794;-73,15714097;
NORTE DE SANTANDER;TIBÚ;8,713507237;-72,79925855;
NORTE DE SANTANDER;TOLEDO;7,225864961;-72,30593418;
NORTE DE SANTANDER;VILLA CARO;7,936293173;-72,98759418;
NORTE DE SANTANDER;VILLA DEL ROSARIO;7,718635863;-72,48361176;
QUINDÍO;ARMENIA;4,499501128;-75,72489985;
QUINDÍO;BUENAVISTA;4,366632382;-75,74403734;
QUINDÍO;CALARCÁ;4,467879428;-75,65674719;
QUINDÍO;CIRCASIA;4,604845344;-75,66688449;
QUINDÍO;CÓRDOBA;4,395975176;-75,65132308;
QUINDÍO;FILANDIA;4,669325347;-75,67146941;
QUINDÍO;GÉNOVA;4,180107773;-75,76056695;
QUINDÍO;LA TEBAIDA;4,426884849;-75,81927335;
QUINDÍO;MONTENEGRO;4,521890945;-75,81806594;
QUINDÍO;PIJAO;4,30397934;-75,68330417;
QUINDÍO;QUIMBAYA;4,610273497;-75,79205087;
QUINDÍO;SALENTO;4,611314654;-75,53092112;
RISARALDA;PEREIRA;4,803662773;-75,79579093;
RISARALDA;APÍA;5,139635357;-75,95353871;
RISARALDA;BALBOA;4,918349676;-75,94275386;
RISARALDA;BELÉN DE UMBRÍA;5,200398696;-75,86793893;
RISARALDA;DOSQUEBRADAS;4,842021144;-75,66993655;
RISARALDA;GUÁTICA;5,320295966;-75,80436659;
RISARALDA;LA CELIA;4,988127679;-76,00822678;
RISARALDA;LA VIRGINIA;4,904704187;-75,85208162;
RISARALDA;MARSELLA;4,942936185;-75,7532139;
RISARALDA;MISTRATÓ;5,414078141;-75,96135387;
RISARALDA;PUEBLO RICO;5,286295408;-76,07359421;
RISARALDA;QUINCHÍA;5,323906864;-75,71339683;
RISARALDA;SANTA ROSA DE CABAL;4,833789828;-75,54950174;
RISARALDA;SANTUARIO;5,076100313;-76,02286946;
SANTANDER;BUCARAMANGA;7,155833544;-73,11156997;
SANTANDER;AGUADA;6,182208476;-73,53038541;
SANTANDER;ALBANIA;5,788190519;-73,79236929;
SANTANDER;ARATOCA;6,716766585;-73,01162697;
SANTANDER;BARBOSA;5,955617327;-73,62345229;
SANTANDER;BARICHARA;6,647062543;-73,21518466;
SANTANDER;BARRANCABERMEJA;7,054074558;-73,78211646;
SANTANDER;BETULIA;7,033255886;-73,37872388;
SANTANDER;BOLÍVAR;6,181715586;-73,92065703;
SANTANDER;CABRERA;6,562543673;-73,25034892;
SANTANDER;CALIFORNIA;7,331565443;-72,95131825;
SANTANDER;CAPITANEJO;6,520200095;-72,67435203;
SANTANDER;CARCASÍ;6,659675274;-72,56968434;
SANTANDER;CEPITÁ;6,752465533;-72,92924629;
SANTANDER;CERRITO;6,903923173;-72,64536324;
SANTANDER;CHARALÁ;6,35099819;-73,06101382;
SANTANDER;CHARTA;7,282973001;-72,97829057;
SANTANDER;CHIMA;6,361627641;-73,40172144;
SANTANDER;CHIPATÁ;6,067944658;-73,63239132;
SANTANDER;CIMITARRA;6,40972961;-74,17030427;
SANTANDER;CONCEPCIÓN;6,76062337;-72,61815735;
SANTANDER;CONFINES;6,342314443;-73,25014013;
SANTANDER;CONTRATACIÓN;6,303116611;-73,50211527;
SANTANDER;COROMORO;6,234735779;-72,98176803;
SANTANDER;CURITÍ;6,608966483;-73,05897888;
SANTANDER;EL CARMEN DE CHUCURÍ;6,664260002;-73,56475288;
SANTANDER;EL GUACAMAYO;6,236115743;-73,4977605;
SANTANDER;EL PEÑÓN;6,123389691;-74,00040397;
SANTANDER;EL PLAYÓN;7,524284721;-73,18158192;
SANTANDER;ENCINO;6,079061224;-73,06206665;
SANTANDER;ENCISO;6,65824115;-72,68027939;
SANTANDER;FLORIÁN;5,801106291;-73,95524931;
SANTANDER;FLORIDABLANCA;7,079704598;-73,0679925;
SANTANDER;GALÁN;6,671810994;-73,32467124;
SANTANDER;GÁMBITA;5,924383558;-73,31939934;
SANTANDER;GIRÓN;6,976734127;-73,205267;
SANTANDER;GUACA;6,9434341;-72,82369873;
SANTANDER;GUADALUPE;6,233278248;-73,40977445;
SANTANDER;GUAPOTÁ;6,319299865;-73,33115275;
SANTANDER;GUAVATÁ;5,944894844;-73,72173671;
SANTANDER;GÜEPSA;6,04656148;-73,57847854;
SANTANDER;HATO;6,559878299;-73,36178841;
SANTANDER;JESÚS MARÍA;5,872705896;-73,78997419;
SANTANDER;JORDÁN;6,710814846;-73,1211236;
SANTANDER;LA BELLEZA;5,895724341;-74,04676575;
SANTANDER;LANDÁZURI;6,385234814;-73,78760899;
SANTANDER;LA PAZ;6,21737437;-73,62977195;
SANTANDER;LEBRIJA;7,204060063;-73,29138097;
SANTANDER;LOS SANTOS;6,812162934;-73,10785086;
SANTANDER;MACARAVITA;6,513745303;-72,58536492;
SANTANDER;MÁLAGA;6,720222349;-72,73841091;
SANTANDER;MATANZA;7,348778319;-73,05438997;
SANTANDER;MOGOTES;6,492532315;-72,95834772;
SANTANDER;MOLAGAVITA;6,643290559;-72,81916274;
SANTANDER;OCAMONTE;6,355368858;-73,12211833;
SANTANDER;OIBA;6,225596216;-73,27961515;
SANTANDER;ONZAGA;6,335194548;-72,81205838;
SANTANDER;PALMAR;6,525876964;-73,28247337;
SANTANDER;PALMAS DEL SOCORRO;6,391750107;-73,28273174;
SANTANDER;PÁRAMO;6,416631131;-73,17148232;
SANTANDER;PIEDECUESTA;6,97082104;-73,01481196;
SANTANDER;PINCHOTE;6,513892626;-73,17570986;
SANTANDER;PUENTE NACIONAL;5,831129906;-73,67841815;
SANTANDER;PUERTO PARRA;6,685278856;-73,95761256;
SANTANDER;PUERTO WILCHES;7,398198257;-73,8354696;
SANTANDER;RIONEGRO;7,474226085;-73,37246417;
SANTANDER;SABANA DE TORRES;7,4065422;-73,57131807;
SANTANDER;SAN ANDRÉS;6,796483063;-72,81613202;
SANTANDER;SAN BENITO;6,076525355;-73,55295302;
SANTANDER;SAN GIL;6,550778765;-73,11887911;
SANTANDER;SAN JOAQUÍN;6,459879823;-72,85471883;
SANTANDER;SAN JOSÉ DE MIRANDA;6,629400185;-72,73976423;
SANTANDER;SAN MIGUEL;6,568121541;-72,64322497;
SANTANDER;SAN VICENTE DE CHUCURÍ;6,894292346;-73,53900334;
SANTANDER;SANTA BÁRBARA;6,988084711;-72,89608933;
SANTANDER;SANTA HELENA DEL OPÓN;6,40890734;-73,58206609;
SANTANDER;SIMACOTA;6,494231551;-73,45910992;
SANTANDER;SOCORRO;6,462088241;-73,24436001;
SANTANDER;SUAITA;6,101499739;-73,36225795;
SANTANDER;SUCRE;5,983203734;-73,95936235;
SANTANDER;SURATÁ;7,475402063;-72,98779966;
SANTANDER;TONA;7,170891099;-72,93970443;
SANTANDER;VALLE DE SAN JOSÉ;6,434578919;-73,10997171;
SANTANDER;VÉLEZ;6,00741043;-73,69057256;
SANTANDER;VETAS;7,322219563;-72,88156901;
SANTANDER;VILLANUEVA;6,685867326;-73,16396916;
SANTANDER;ZAPATOCA;6,813725566;-73,30975044;
SUCRE;SINCELEJO;9,316673928;-75,43174967;
SUCRE;BUENAVISTA;9,314972282;-74,98014057;
SUCRE;CAIMITO;8,792311599;-75,13191063;
SUCRE;COLOSÓ;9,494043427;-75,34528693;
SUCRE;COROZAL;9,160624283;-75,23858178;
SUCRE;COVEÑAS;9,394449802;-75,6574915;
SUCRE;CHALÁN;9,569584598;-75,32420908;
SUCRE;EL ROBLE;9,036231591;-75,14575038;
SUCRE;GALERAS;9,135169096;-74,98134706;
SUCRE;GUARANDA;8,337828523;-74,68734926;
SUCRE;LA UNIÓN;8,811997799;-75,28322212;
SUCRE;LOS PALMITOS;9,422380117;-75,21302191;
SUCRE;MAJAGUAL;8,546148134;-74,71037883;
SUCRE;MORROA;9,392496685;-75,32718744;
SUCRE;OVEJAS;9,549655271;-75,18855916;
SUCRE;PALMITO;9,334940293;-75,56199027;
SUCRE;SAMPUÉS;9,165188649;-75,36027422;
SUCRE;SAN BENITO ABAD;8,835634919;-74,96469398;
SUCRE;SAN JUAN DE BETULIA;9,292019071;-75,21363579;
SUCRE;SAN MARCOS;8,589220102;-75,17249955;
SUCRE;SAN ONOFRE;9,814599536;-75,50522919;
SUCRE;SAN PEDRO;9,396835638;-75,03741815;
SUCRE;SAN LUIS DE SINCÉ;9,256299047;-75,09397089;
SUCRE;SUCRE;8,814333477;-74,74753131;
SUCRE;SANTIAGO DE TOLÚ;9,533810567;-75,53543469;
SUCRE;SAN JOSÉ DE TOLUVIEJO;9,490297716;-75,44451115;
TOLIMA;IBAGUÉ;4,451921427;-75,252591;
TOLIMA;ALPUJARRA;3,390015064;-74,94078233;
TOLIMA;ALVARADO;4,582625784;-74,98630686;
TOLIMA;AMBALEMA;4,803365246;-74,80998676;
TOLIMA;ANZOÁTEGUI;4,623390454;-75,20165423;
TOLIMA;ARMERO;5,006758956;-74,84750095;
TOLIMA;ATACO;3,37749064;-75,61373257;
TOLIMA;CAJAMARCA;4,406971283;-75,49745918;
TOLIMA;CARMEN DE APICALÁ;4,123416795;-74,74700246;
TOLIMA;CASABIANCA;5,007003948;-75,19457703;
TOLIMA;CHAPARRAL;3,743693084;-75,58986634;
TOLIMA;COELLO;4,315603867;-74,91470256;
TOLIMA;COYAIMA;3,775490271;-75,14720213;
TOLIMA;CUNDAY;3,98252395;-74,68936908;
TOLIMA;DOLORES;3,597863274;-74,80256674;
TOLIMA;ESPINAL;4,166476969;-74,89352941;
TOLIMA;FALAN;5,079256598;-74,95703372;
TOLIMA;FLANDES;4,242813257;-74,83708638;
TOLIMA;FRESNO;5,186694812;-75,05228995;
TOLIMA;GUAMO;4,076501341;-74,97657287;
TOLIMA;HERVEO;5,068553783;-75,24322959;
TOLIMA;HONDA;5,179416561;-74,78303094;
TOLIMA;ICONONZO;4,133276369;-74,53964257;
TOLIMA;LÉRIDA;4,866034592;-74,92337178;
TOLIMA;LÍBANO;4,877936755;-75,04763076;
TOLIMA;SAN SEBASTIÁN DE MARIQUITA;5,235322593;-74,90668089;
TOLIMA;MELGAR;4,193215498;-74,60517497;
TOLIMA;MURILLO;4,826734468;-75,21993987;
TOLIMA;NATAGAIMA;3,540518203;-75,12200999;
TOLIMA;ORTEGA;3,937793962;-75,27824314;
TOLIMA;PALOCABILDO;5,094035737;-75,0184505;
TOLIMA;PIEDRAS;4,433764446;-74,99879938;
TOLIMA;PLANADAS;3,09897343;-75,81684413;
TOLIMA;PRADO;3,729166649;-74,87247706;
TOLIMA;PURIFICACIÓN;3,854281614;-74,87451155;
TOLIMA;RIOBLANCO;3,468077548;-75,85481103;
TOLIMA;RONCESVALLES;4,097861181;-75,59428027;
TOLIMA;ROVIRA;4,216730954;-75,34758364;
TOLIMA;SALDAÑA;3,912542787;-75,01859762;
TOLIMA;SAN ANTONIO;3,926088268;-75,50991004;
TOLIMA;SAN LUIS;4,057271684;-75,16320806;
TOLIMA;SANTA ISABEL;4,740827622;-75,20069946;
TOLIMA;SUÁREZ;3,969210629;-74,84448738;
TOLIMA;VALLE DE SAN JUAN;4,182125647;-75,17148237;
TOLIMA;VENADILLO;4,70988172;-74,92089886;
TOLIMA;VILLAHERMOSA;4,965753461;-75,15592969;
TOLIMA;VILLARRICA;3,854384097;-74,61896623;
VALLE DEL CAUCA;CALI;3,399043723;-76,57649259;
VALLE DEL CAUCA;ALCALÁ;4,6788971;-75,78297932;
VALLE DEL CAUCA;ANDALUCÍA;4,153314228;-76,16063341;
VALLE DEL CAUCA;ANSERMANUEVO;4,795927292;-76,02963049;
VALLE DEL CAUCA;ARGELIA;4,704287864;-76,14164999;
VALLE DEL CAUCA;BOLÍVAR;4,393118861;-76,34982039;
VALLE DEL CAUCA;BUENAVENTURA;3,493340766;-77,11872832;
VALLE DEL CAUCA;GUADALAJARA DE BUGA;3,819854318;-75,98312419;
VALLE DEL CAUCA;BUGA;4,196852991;-76,0896103;
VALLE DEL CAUCA;CAICEDONIA;4,308997973;-75,83672567;
VALLE DEL CAUCA;CALIMA;3,923271619;-76,64260484;
VALLE DEL CAUCA;CANDELARIA;3,382091564;-76,38317663;
VALLE DEL CAUCA;CARTAGO;4,70684716;-75,91790846;
VALLE DEL CAUCA;DAGUA;3,649822218;-76,72039347;
VALLE DEL CAUCA;EL ÁGUILA;4,917562873;-76,06601001;
VALLE DEL CAUCA;EL CAIRO;4,756063701;-76,21502826;
VALLE DEL CAUCA;EL CERRITO;3,656072873;-76,30841784;
VALLE DEL CAUCA;EL DOVIO;4,539979729;-76,28762701;
VALLE DEL CAUCA;FLORIDA;3,304104295;-76,16477307;
VALLE DEL CAUCA;GINEBRA;3,74410441;-76,19082004;
VALLE DEL CAUCA;GUACARÍ;3,759414991;-76,34518277;
VALLE DEL CAUCA;JAMUNDÍ;3,213892389;-76,62760418;
VALLE DEL CAUCA;LA CUMBRE;3,694303106;-76,58989905;
VALLE DEL CAUCA;LA UNIÓN;4,537937391;-76,10328983;
VALLE DEL CAUCA;LA VICTORIA;4,483511142;-75,96677303;
VALLE DEL CAUCA;OBANDO;4,597588666;-75,9491997;
VALLE DEL CAUCA;PALMIRA;3,558392876;-76,22779972;
VALLE DEL CAUCA;PRADERA;3,42063665;-76,17841841;
VALLE DEL CAUCA;RESTREPO;3,806494973;-76,53489853;
VALLE DEL CAUCA;RIOFRÍO;4,109500298;-76,37105443;
VALLE DEL CAUCA;ROLDANILLO;4,443571848;-76,16824249;
VALLE DEL CAUCA;SAN PEDRO;3,98143244;-76,20836168;
VALLE DEL CAUCA;SEVILLA;4,193411919;-75,88818163;
VALLE DEL CAUCA;TORO;4,638421279;-76,08106176;
VALLE DEL CAUCA;TRUJILLO;4,233268116;-76,34292699;
VALLE DEL CAUCA;TULUÁ;4,02840797;-76,03250379;
VALLE DEL CAUCA;ULLOA;4,707718947;-75,77835903;
VALLE DEL CAUCA;VERSALLES;4,644242641;-76,25924483;
VALLE DEL CAUCA;VIJES;3,74365889;-76,47064718;
VALLE DEL CAUCA;YOTOCO;3,904130354;-76,39080435;
VALLE DEL CAUCA;YUMBO;3,595913669;-76,5109879;
VALLE DEL CAUCA;ZARZAL;4,35359875;-76,05065336;
ARAUCA;ARAUCA;6,796280825;-70,50921153;
ARAUCA;ARAUQUITA;6,799338394;-71,29827429;
ARAUCA;CRAVO NORTE;6,39654349;-70,07381197;
ARAUCA;FORTUL;6,750907234;-71,79124241;
ARAUCA;PUERTO RONDÓN;6,411761829;-70,96678964;
ARAUCA;SARAVENA;6,906941714;-71,85070757;
ARAUCA;TAME;6,390650479;-71,79178647;
CASANARE;YOPAL;5,242744761;-72,25802857;
CASANARE;AGUAZUL;5,126121886;-72,54821017;
CASANARE;CHÁMEZA;5,228453404;-72,86496804;
CASANARE;HATO COROZAL;6,03948032;-71,52445752;
CASANARE;LA SALINA;6,178282373;-72,34693377;
CASANARE;MANÍ;4,675769488;-72,21280273;
CASANARE;MONTERREY;4,841308642;-72,8473434;
CASANARE;NUNCHÍA;5,529181235;-72,09251937;
CASANARE;OROCUÉ;4,915139133;-71,59873966;
CASANARE;PAZ DE ARIPORO;5,779915281;-70,86947037;
CASANARE;PORE;5,663194953;-71,92580806;
CASANARE;RECETOR;5,263068507;-72,77081831;
CASANARE;SABANALARGA;4,81119011;-72,99580655;
CASANARE;SÁCAMA;6,049906435;-72,21076163;
CASANARE;SAN LUIS DE PALENQUE;5,274955665;-71,81749276;
CASANARE;TÁMARA;5,878927424;-72,20067822;
CASANARE;TAURAMENA;4,697463691;-72,62922436;
CASANARE;TRINIDAD;5,354527091;-71,25479519;
CASANARE;VILLANUEVA;4,528307719;-72,82314281;
PUTUMAYO;MOCOA;1,26070915;-76,66584349;
PUTUMAYO;COLÓN;1,204815876;-76,97376805;
PUTUMAYO;ORITO;0,673756323;-76,94313923;
PUTUMAYO;PUERTO ASÍS;0,433884539;-76,52158203;
PUTUMAYO;PUERTO CAICEDO;0,70416861;-76,49864415;
PUTUMAYO;PUERTO GUZMÁN;0,746432215;-75,88022979;
PUTUMAYO;PUERTO LEGUÍZAMO;0,05947197;-75,06479327;
PUTUMAYO;SIBUNDOY;1,228746922;-76,91307585;
PUTUMAYO;SAN FRANCISCO;1,136071096;-76,84726661;
PUTUMAYO;SAN MIGUEL;0,272449048;-76,84510459;
PUTUMAYO;SANTIAGO;1,036021482;-76,97751684;
PUTUMAYO;VALLE DEL GUAMUEZ;0,42012589;-76,77067026;
PUTUMAYO;VILLAGARZÓN;0,911149515;-76,74495447;
SAN ANDRÉS Y PROVIDENCIA;SAN ANDRÉS;12,54311512;-81,71762382;**
SAN ANDRÉS Y PROVIDENCIA;PROVIDENCIA;13,3511096;-81,37388549;
AMAZONAS;LETICIA;-3,530058784;-70,04513691;
AMAZONAS;EL ENCANTO;-1,997234795;-72,72361566;
AMAZONAS;LA CHORRERA;-1,509799605;-72,44442966;
AMAZONAS;LA PEDRERA;-1,550256503;-69,94602815;
AMAZONAS;LA VICTORIA;-0,125016381;-71,10487805;
AMAZONAS;MIRITÍ - PARANÁ;-0,687037553;-71,1855046;
AMAZONAS;PUERTO ALEGRÍA;-0,952145073;-73,75722748;
AMAZONAS;PUERTO ARICA;-1,91085406;-71,1484049;
AMAZONAS;PUERTO NARIÑO;-3,631323222;-70,47199039;
AMAZONAS;PUERTO SANTANDER;-1,101032624;-71,93893358;
AMAZONAS;TARAPACÁ;-2,451794264;-70,00651535;
GUAINÍA;INÍRIDA;3,516363079;-68,00834728;
GUAINÍA;BARRANCOMINAS;3,140558454;-69,69713423;
GUAINÍA;SAN FELIPE;2,312179782;-67,52060569;
GUAINÍA;PUERTO COLOMBIA;2,582829542;-68,25799033;
GUAINÍA;LA GUADALUPE;1,404540273;-67,001518;
GUAINÍA;CACAHUAL;3,38616245;-67,58507998;
GUAINÍA;PANA PANA;1,981055294;-69,11440036;
GUAINÍA;MORICHAL;2,421444806;-69,84001585;
GUAVIARE;SAN JOSÉ DEL GUAVIARE;2,484286091;-71,91916993;
GUAVIARE;CALAMAR;1,613634284;-73,0342639;
GUAVIARE;EL RETORNO;2,143447362;-72,24364869;
GUAVIARE;MIRAFLORES;1,363974932;-72,01810951;
VAUPÉS;MITÚ;1,06148231;-70,46688401;
VAUPÉS;CARURÚ;1,052762314;-71,33093035;
VAUPÉS;PACOA;-0,00834364;-70,5433061;
VAUPÉS;TARAIRA;-0,719822209;-69,90776202;
VAUPÉS;PAPUNAHUA;1,569312273;-70,91166315;
VAUPÉS;YAVARATÉ;0,833312241;-69,61867754;
VICHADA;PUERTO CARREÑO;5,836529669;-68,14122234;
VICHADA;LA PRIMAVERA;5,517593607;-69,62044054;
VICHADA;SANTA ROSALÍA;4,968581012;-70,65997097;
VICHADA;CUMARIBO;4,262454746;-69,52140484;
